Datetime,Water Level (m)
2025-06-04 12:00:00,-0.0003442198
2025-06-04 13:00:00,-0.0002980953
2025-06-04 14:00:00,-0.00021922699
2025-06-04 15:00:00,-0.00014098934
2025-06-04 16:00:00,-5.9396425e-05
2025-06-04 17:00:00,1.6281347e-05
2025-06-04 18:00:00,7.078333e-05
2025-06-04 19:00:00,7.072019e-05
2025-06-04 20:00:00,1.6100232e-05
2025-06-04 21:00:00,-0.00010390054
2025-06-04 22:00:00,-0.00020682413
2025-06-04 23:00:00,-0.00028603364
2025-06-05 00:00:00,-0.00031343038
2025-06-05 01:00:00,-0.00030309908
2025-06-05 02:00:00,-0.00026329653
2025-06-05 03:00:00,-0.0001857502
2025-06-05 04:00:00,-0.00011910525
2025-06-05 05:00:00,-5.4388493e-05
2025-06-05 06:00:00,7.713721e-06
2025-06-05 07:00:00,3.6607446e-05
2025-06-05 08:00:00,-8.433852e-06
2025-06-05 09:00:00,-0.000110501685
2025-06-05 10:00:00,-0.0002091752
2025-06-05 11:00:00,-0.00030220902
2025-06-05 12:00:00,-0.00034658733
2025-06-05 13:00:00,-0.00032900507
2025-06-05 14:00:00,-0.00026946145
2025-06-05 15:00:00,-0.00018649794
2025-06-05 16:00:00,-0.00010949642
2025-06-05 17:00:00,-3.4775367e-05
2025-06-05 18:00:00,3.3078348e-05
2025-06-05 19:00:00,7.143492e-05
2025-06-05 20:00:00,6.942312e-05
2025-06-05 21:00:00,1.2189141e-05
2025-06-05 22:00:00,-0.000110749694
2025-06-05 23:00:00,-0.00022037973
2025-06-06 00:00:00,-0.0003228231
2025-06-06 01:00:00,-0.00044480266
2025-06-06 02:00:00,-0.00052338623
2025-06-06 03:00:00,-0.00045792057
2025-06-06 04:00:00,-0.00035795473
2025-06-06 05:00:00,-0.00028025187
2025-06-06 06:00:00,-0.00020821355
2025-06-06 07:00:00,-0.00015310453
2025-06-06 08:00:00,-0.00012772462
2025-06-06 09:00:00,-0.00017052845
2025-06-06 10:00:00,-0.00027897657
2025-06-06 11:00:00,-0.00037918583
2025-06-06 12:00:00,-0.00046468072
2025-06-06 13:00:00,-0.0005079617
2025-06-06 14:00:00,-0.00049974245
2025-06-06 15:00:00,-0.00043054644
2025-06-06 16:00:00,-0.00033710306
2025-06-06 17:00:00,-0.00026167437
2025-06-06 18:00:00,-0.00018609717
2025-06-06 19:00:00,-0.000111319474
2025-06-06 20:00:00,-8.777921e-05
2025-06-06 21:00:00,-9.056715e-05
2025-06-06 22:00:00,-0.00017731429
2025-06-06 23:00:00,-0.00031291344
2025-06-07 00:00:00,-0.00044645584
2025-06-07 01:00:00,-0.00055146875
2025-06-07 02:00:00,-0.0005957675
2025-06-07 03:00:00,-0.00056835887
2025-06-07 04:00:00,-0.0004803642
2025-06-07 05:00:00,-0.0003734348
2025-06-07 06:00:00,-0.00028920153
2025-06-07 07:00:00,-0.00021539265
2025-06-07 08:00:00,-0.0001547045
2025-06-07 09:00:00,-0.00011908533
2025-06-07 10:00:00,-0.00016222615
2025-06-07 11:00:00,-0.00030446713
2025-06-07 12:00:00,-0.00041232616
2025-06-07 13:00:00,-0.0004970524
2025-06-07 14:00:00,-0.0005354601
2025-06-07 15:00:00,-0.0004935072
2025-06-07 16:00:00,-0.00038993623
2025-06-07 17:00:00,-0.00029867503
2025-06-07 18:00:00,-0.00021942989
2025-06-07 19:00:00,-0.00014217423
2025-06-07 20:00:00,-8.863873e-05
2025-06-07 21:00:00,-8.991741e-05
2025-06-07 22:00:00,-9.269079e-05
2025-06-07 23:00:00,-0.0002181325
2025-06-08 00:00:00,-0.00036268996
2025-06-08 01:00:00,-0.00050818117
2025-06-08 02:00:00,-0.00063720625
2025-06-08 03:00:00,-0.0006914653
2025-06-08 04:00:00,-0.000638663
2025-06-08 05:00:00,-0.00048681043
2025-06-08 06:00:00,-0.00037305124
2025-06-08 07:00:00,-0.00029185833
2025-06-08 08:00:00,-0.00021657445
2025-06-08 09:00:00,-0.0001556372
2025-06-08 10:00:00,-0.00012827433
2025-06-08 11:00:00,-0.00020756783
2025-06-08 12:00:00,-0.00035339373
2025-06-08 13:00:00,-0.00046178172
2025-06-08 14:00:00,-0.00053745194
2025-06-08 15:00:00,-0.0005497404
2025-06-08 16:00:00,-0.00048299442
2025-06-08 17:00:00,-0.00037034636
2025-06-08 18:00:00,-0.00028079012
2025-06-08 19:00:00,-0.00019977895
2025-06-08 20:00:00,-0.00012268416
2025-06-08 21:00:00,-9.184318e-05
2025-06-08 22:00:00,-9.6633994e-05
2025-06-08 23:00:00,-0.00012110827
2025-06-09 00:00:00,-0.00028452653
2025-06-09 01:00:00,-0.00044733364
2025-06-09 02:00:00,-0.0006213186
2025-06-09 03:00:00,-0.0007536522
2025-06-09 04:00:00,-0.0007619906
2025-06-09 05:00:00,-0.00064455287
2025-06-09 06:00:00,-0.0004683219
2025-06-09 07:00:00,-0.00037372284
2025-06-09 08:00:00,-0.00029009016
2025-06-09 09:00:00,-0.00021154378
2025-06-09 10:00:00,-0.0001500315
2025-06-09 11:00:00,-0.00013418845
2025-06-09 12:00:00,-0.00025681715
2025-06-09 13:00:00,-0.00040550667
2025-06-09 14:00:00,-0.00051692507
2025-06-09 15:00:00,-0.00058980566
2025-06-09 16:00:00,-0.0005693791
2025-06-09 17:00:00,-0.00045128984
2025-06-09 18:00:00,-0.00034168726
2025-06-09 19:00:00,-0.000255586
2025-06-09 20:00:00,-0.00017374108
2025-06-09 21:00:00,-0.000100602665
2025-06-09 22:00:00,-9.29173e-05
2025-06-09 23:00:00,-9.6928095e-05
2025-06-10 00:00:00,-0.00019361872
2025-06-10 01:00:00,-0.00036066785
2025-06-10 02:00:00,-0.0005396689
2025-06-10 03:00:00,-0.00075137935
2025-06-10 04:00:00,-0.0008574513
2025-06-10 05:00:00,-0.00080183626
2025-06-10 06:00:00,-0.0006133855
2025-06-10 07:00:00,-0.00044748344
2025-06-10 08:00:00,-0.0003543867
2025-06-10 09:00:00,-0.0002665683
2025-06-10 10:00:00,-0.00019112216
2025-06-10 11:00:00,-0.00013721305
2025-06-10 12:00:00,-0.0001519194
